INSERT INTO authority_groups(group_id, group_name) VALUES(1, 'ADMINISTRATORS');
INSERT INTO authority_groups(group_id, group_name) VALUES(2, 'EMPLOYEES');
INSERT INTO authority_groups(group_id, group_name) VALUES(3, 'CLIENTS');

INSERT INTO authorities(authority_id, authority_name) VALUES(1, 'ROLE_ADMINISTRATOR');
INSERT INTO authorities(authority_id, authority_name) VALUES(2, 'ROLE_EMPLOYEE');
INSERT INTO authorities(authority_id, authority_name) VALUES(3, 'ROLE_CLIENT');

INSERT INTO authority_in_group(group_id, authority_id) VALUES(1, 1);
INSERT INTO authority_in_group(group_id, authority_id) VALUES(1, 2);
INSERT INTO authority_in_group(group_id, authority_id) VALUES(1, 3);

INSERT INTO authority_in_group(group_id, authority_id) VALUES(2, 2);
INSERT INTO authority_in_group(group_id, authority_id) VALUES(2, 3);
INSERT INTO authority_in_group(group_id, authority_id) VALUES(3, 3);

INSERT INTO accounts(login, password, group_id)
VALUES('j.ospaly', '$2y$12$sJUH7EBWow14vjDLSW29fumV6xCnT6WlEQPNly3gx9L9odzc5dNh.', 1);

INSERT INTO accounts(login, password, group_id)
VALUES('t.wyrobnik', '$2y$12$D5V0kjxr0E9uke6LD38eSOFYcUaBARQ6h73FXAuUzl0Z.XBREy7eW', 2);

INSERT INTO accounts(login, password, group_id)
VALUES('e.niebezpieczna', '$2y$12$QTqD1JdWnggxJiG5SMxHguQvVZPGgutB/UnHzTlrzbbyxfk0nQ4GK', 3);

UPDATE accounts
SET 	is_account_non_expired = true,
    	is_account_non_locked = true,
        is_credentials_non_expired = true,
        is_enabled = true
WHERE login IN ('j.ospaly', 'e.niebezpieczna', 't.wyrobnik');

INSERT INTO countries(country_id, name) VALUES(1, 'Afganistan');
INSERT INTO countries(country_id, name) VALUES(2, 'Albania');
INSERT INTO countries(country_id, name) VALUES(3, 'Algieria');
INSERT INTO countries(country_id, name) VALUES(4, 'Andora');
INSERT INTO countries(country_id, name) VALUES(5, 'Angola');
INSERT INTO countries(country_id, name) VALUES(6, 'Antigua i Barbuda');
INSERT INTO countries(country_id, name) VALUES(7, 'Arabia Saudyjska');
INSERT INTO countries(country_id, name) VALUES(8, 'Argentyna');
INSERT INTO countries(country_id, name) VALUES(9, 'Armenia');
INSERT INTO countries(country_id, name) VALUES(10, 'Australia');
INSERT INTO countries(country_id, name) VALUES(11, 'Austria');
INSERT INTO countries(country_id, name) VALUES(12, 'Azerbejdżan');
INSERT INTO countries(country_id, name) VALUES(13, 'Bahamy');
INSERT INTO countries(country_id, name) VALUES(14, 'Bahrajn');
INSERT INTO countries(country_id, name) VALUES(15, 'Bangladesz');
INSERT INTO countries(country_id, name) VALUES(16, 'Barbados');
INSERT INTO countries(country_id, name) VALUES(17, 'Belgia');
INSERT INTO countries(country_id, name) VALUES(18, 'Belize');
INSERT INTO countries(country_id, name) VALUES(19, 'Benin');
INSERT INTO countries(country_id, name) VALUES(20, 'Bhutan');
INSERT INTO countries(country_id, name) VALUES(21, 'Białoruś');
INSERT INTO countries(country_id, name) VALUES(22, 'Boliwia');
INSERT INTO countries(country_id, name) VALUES(23, 'Bośnia i Hercegowina');
INSERT INTO countries(country_id, name) VALUES(24, 'Botswana');
INSERT INTO countries(country_id, name) VALUES(25, 'Brazylia');
INSERT INTO countries(country_id, name) VALUES(26, 'Brunei');
INSERT INTO countries(country_id, name) VALUES(27, 'Bułgaria');
INSERT INTO countries(country_id, name) VALUES(28, 'Burkina Faso');
INSERT INTO countries(country_id, name) VALUES(29, 'Burundi');
INSERT INTO countries(country_id, name) VALUES(30, 'Chile');
INSERT INTO countries(country_id, name) VALUES(31, 'Chiny');
INSERT INTO countries(country_id, name) VALUES(32, 'Chorwacja');
INSERT INTO countries(country_id, name) VALUES(33, 'Cypr');
INSERT INTO countries(country_id, name) VALUES(34, 'Czad');
INSERT INTO countries(country_id, name) VALUES(35, 'Czarnogóra');
INSERT INTO countries(country_id, name) VALUES(36, 'Czechy');
INSERT INTO countries(country_id, name) VALUES(37, 'Dania');
INSERT INTO countries(country_id, name) VALUES(38, 'Demokratyczna Republika Konga');
INSERT INTO countries(country_id, name) VALUES(39, 'Dominika');
INSERT INTO countries(country_id, name) VALUES(40, 'Dominikana');
INSERT INTO countries(country_id, name) VALUES(41, 'Dżibuti');
INSERT INTO countries(country_id, name) VALUES(42, 'Egipt');
INSERT INTO countries(country_id, name) VALUES(43, 'Ekwador');
INSERT INTO countries(country_id, name) VALUES(44, 'Erytrea');
INSERT INTO countries(country_id, name) VALUES(45, 'Estonia');
INSERT INTO countries(country_id, name) VALUES(46, 'Eswatini');
INSERT INTO countries(country_id, name) VALUES(47, 'Etiopia');
INSERT INTO countries(country_id, name) VALUES(48, 'Fidżi');
INSERT INTO countries(country_id, name) VALUES(49, 'Filipiny');
INSERT INTO countries(country_id, name) VALUES(50, 'Finlandia');
INSERT INTO countries(country_id, name) VALUES(51, 'Francja');
INSERT INTO countries(country_id, name) VALUES(52, 'Gabon');
INSERT INTO countries(country_id, name) VALUES(53, 'Gambia');
INSERT INTO countries(country_id, name) VALUES(54, 'Ghana');
INSERT INTO countries(country_id, name) VALUES(55, 'Grecja');
INSERT INTO countries(country_id, name) VALUES(56, 'Grenada');
INSERT INTO countries(country_id, name) VALUES(57, 'Gruzja');
INSERT INTO countries(country_id, name) VALUES(58, 'Gujana');
INSERT INTO countries(country_id, name) VALUES(59, 'Gwatemala');
INSERT INTO countries(country_id, name) VALUES(60, 'Gwinea');
INSERT INTO countries(country_id, name) VALUES(61, 'Gwinea Bissau');
INSERT INTO countries(country_id, name) VALUES(62, 'Gwinea Równikowa');
INSERT INTO countries(country_id, name) VALUES(63, 'Haiti');
INSERT INTO countries(country_id, name) VALUES(64, 'Hiszpania');
INSERT INTO countries(country_id, name) VALUES(65, 'Holandia');
INSERT INTO countries(country_id, name) VALUES(66, 'Honduras');
INSERT INTO countries(country_id, name) VALUES(67, 'Indie');
INSERT INTO countries(country_id, name) VALUES(68, 'Indonezja');
INSERT INTO countries(country_id, name) VALUES(69, 'Irak');
INSERT INTO countries(country_id, name) VALUES(70, 'Iran');
INSERT INTO countries(country_id, name) VALUES(71, 'Irlandia');
INSERT INTO countries(country_id, name) VALUES(72, 'Islandia');
INSERT INTO countries(country_id, name) VALUES(73, 'Izrael');
INSERT INTO countries(country_id, name) VALUES(74, 'Jamajka');
INSERT INTO countries(country_id, name) VALUES(75, 'Japonia');
INSERT INTO countries(country_id, name) VALUES(76, 'Jemen');
INSERT INTO countries(country_id, name) VALUES(77, 'Jordania');
INSERT INTO countries(country_id, name) VALUES(78, 'Kambodża');
INSERT INTO countries(country_id, name) VALUES(79, 'Kamerun');
INSERT INTO countries(country_id, name) VALUES(80, 'Kanada');
INSERT INTO countries(country_id, name) VALUES(81, 'Katar');
INSERT INTO countries(country_id, name) VALUES(82, 'Kazachstan');
INSERT INTO countries(country_id, name) VALUES(83, 'Kenia');
INSERT INTO countries(country_id, name) VALUES(84, 'Kirgistan');
INSERT INTO countries(country_id, name) VALUES(85, 'Kiribati');
INSERT INTO countries(country_id, name) VALUES(86, 'Kolumbia');
INSERT INTO countries(country_id, name) VALUES(87, 'Komory');
INSERT INTO countries(country_id, name) VALUES(88, 'Kongo');
INSERT INTO countries(country_id, name) VALUES(89, 'Korea Południowa');
INSERT INTO countries(country_id, name) VALUES(90, 'Korea Północna');
INSERT INTO countries(country_id, name) VALUES(91, 'Kostaryka');
INSERT INTO countries(country_id, name) VALUES(92, 'Kuba');
INSERT INTO countries(country_id, name) VALUES(93, 'Kuwejt');
INSERT INTO countries(country_id, name) VALUES(94, 'Laos');
INSERT INTO countries(country_id, name) VALUES(95, 'Lesotho');
INSERT INTO countries(country_id, name) VALUES(96, 'Liban');
INSERT INTO countries(country_id, name) VALUES(97, 'Liberia');
INSERT INTO countries(country_id, name) VALUES(98, 'Libia');
INSERT INTO countries(country_id, name) VALUES(99, 'Liechtenstein');
INSERT INTO countries(country_id, name) VALUES(100, 'Litwa');
INSERT INTO countries(country_id, name) VALUES(101, 'Luksemburg');
INSERT INTO countries(country_id, name) VALUES(102, 'Łotwa');
INSERT INTO countries(country_id, name) VALUES(103, 'Macedonia Północna');
INSERT INTO countries(country_id, name) VALUES(104, 'Madagaskar');
INSERT INTO countries(country_id, name) VALUES(105, 'Malawi');
INSERT INTO countries(country_id, name) VALUES(106, 'Malediwy');
INSERT INTO countries(country_id, name) VALUES(107, 'Malezja');
INSERT INTO countries(country_id, name) VALUES(108, 'Mali');
INSERT INTO countries(country_id, name) VALUES(109, 'Malta');
INSERT INTO countries(country_id, name) VALUES(110, 'Maroko');
INSERT INTO countries(country_id, name) VALUES(111, 'Mauretania');
INSERT INTO countries(country_id, name) VALUES(112, 'Mauritius');
INSERT INTO countries(country_id, name) VALUES(113, 'Meksyk');
INSERT INTO countries(country_id, name) VALUES(114, 'Mikronezja');
INSERT INTO countries(country_id, name) VALUES(115, 'Mjanma');
INSERT INTO countries(country_id, name) VALUES(116, 'Mołdawia');
INSERT INTO countries(country_id, name) VALUES(117, 'Monako');
INSERT INTO countries(country_id, name) VALUES(118, 'Mongolia');
INSERT INTO countries(country_id, name) VALUES(119, 'Mozambik');
INSERT INTO countries(country_id, name) VALUES(120, 'Namibia');
INSERT INTO countries(country_id, name) VALUES(121, 'Nauru');
INSERT INTO countries(country_id, name) VALUES(122, 'Nepal');
INSERT INTO countries(country_id, name) VALUES(123, 'Niemcy');
INSERT INTO countries(country_id, name) VALUES(124, 'Niger');
INSERT INTO countries(country_id, name) VALUES(125, 'Nigeria');
INSERT INTO countries(country_id, name) VALUES(126, 'Nikaragua');
INSERT INTO countries(country_id, name) VALUES(127, 'Norwegia');
INSERT INTO countries(country_id, name) VALUES(128, 'Nowa Zelandia');
INSERT INTO countries(country_id, name) VALUES(129, 'Oman');
INSERT INTO countries(country_id, name) VALUES(130, 'Pakistan');
INSERT INTO countries(country_id, name) VALUES(131, 'Palau');
INSERT INTO countries(country_id, name) VALUES(132, 'Panama');
INSERT INTO countries(country_id, name) VALUES(133, 'Papua-Nowa Gwinea');
INSERT INTO countries(country_id, name) VALUES(134, 'Paragwaj');
INSERT INTO countries(country_id, name) VALUES(135, 'Peru');
INSERT INTO countries(country_id, name) VALUES(136, 'Polska');
INSERT INTO countries(country_id, name) VALUES(137, 'Południowa Afryka');
INSERT INTO countries(country_id, name) VALUES(138, 'Portugalia');
INSERT INTO countries(country_id, name) VALUES(139, 'Republika Środkowoafrykańska');
INSERT INTO countries(country_id, name) VALUES(140, 'Republika Zielonego Przylądka');
INSERT INTO countries(country_id, name) VALUES(141, 'Rosja');
INSERT INTO countries(country_id, name) VALUES(142, 'Rumunia');
INSERT INTO countries(country_id, name) VALUES(143, 'Rwanda');
INSERT INTO countries(country_id, name) VALUES(144, 'Saint Kitts i Nevis');
INSERT INTO countries(country_id, name) VALUES(145, 'Saint Lucia');
INSERT INTO countries(country_id, name) VALUES(146, 'Saint Vincent i Grenadyny');
INSERT INTO countries(country_id, name) VALUES(147, 'Salwador');
INSERT INTO countries(country_id, name) VALUES(148, 'Samoa');
INSERT INTO countries(country_id, name) VALUES(149, 'San Marino');
INSERT INTO countries(country_id, name) VALUES(150, 'Senegal');
INSERT INTO countries(country_id, name) VALUES(151, 'Serbia');
INSERT INTO countries(country_id, name) VALUES(152, 'Seszele');
INSERT INTO countries(country_id, name) VALUES(153, 'Sierra Leone');
INSERT INTO countries(country_id, name) VALUES(154, 'Singapur');
INSERT INTO countries(country_id, name) VALUES(155, 'Słowacja');
INSERT INTO countries(country_id, name) VALUES(156, 'Słowenia');
INSERT INTO countries(country_id, name) VALUES(157, 'Somalia');
INSERT INTO countries(country_id, name) VALUES(158, 'Sri Lanka');
INSERT INTO countries(country_id, name) VALUES(159, 'Stany Zjednoczone');
INSERT INTO countries(country_id, name) VALUES(160, 'Sudan');
INSERT INTO countries(country_id, name) VALUES(161, 'Sudan Południowy');
INSERT INTO countries(country_id, name) VALUES(162, 'Surinam');
INSERT INTO countries(country_id, name) VALUES(163, 'Syria');
INSERT INTO countries(country_id, name) VALUES(164, 'Szwajcaria');
INSERT INTO countries(country_id, name) VALUES(165, 'Szwecja');
INSERT INTO countries(country_id, name) VALUES(166, 'Tadżykistan');
INSERT INTO countries(country_id, name) VALUES(167, 'Tajlandia');
INSERT INTO countries(country_id, name) VALUES(168, 'Tanzania');
INSERT INTO countries(country_id, name) VALUES(169, 'Timor Wschodni');
INSERT INTO countries(country_id, name) VALUES(170, 'Togo');
INSERT INTO countries(country_id, name) VALUES(171, 'Tonga');
INSERT INTO countries(country_id, name) VALUES(172, 'Trynidad i Tobago');
INSERT INTO countries(country_id, name) VALUES(173, 'Tunezja');
INSERT INTO countries(country_id, name) VALUES(174, 'Turcja');
INSERT INTO countries(country_id, name) VALUES(175, 'Turkmenistan');
INSERT INTO countries(country_id, name) VALUES(176, 'Tuvalu');
INSERT INTO countries(country_id, name) VALUES(177, 'Uganda');
INSERT INTO countries(country_id, name) VALUES(178, 'Ukraina');
INSERT INTO countries(country_id, name) VALUES(179, 'Urugwaj');
INSERT INTO countries(country_id, name) VALUES(180, 'Uzbekistan');
INSERT INTO countries(country_id, name) VALUES(181, 'Vanuatu');
INSERT INTO countries(country_id, name) VALUES(182, 'Watykan');
INSERT INTO countries(country_id, name) VALUES(183, 'Wenezuela');
INSERT INTO countries(country_id, name) VALUES(184, 'Węgry');
INSERT INTO countries(country_id, name) VALUES(185, 'Wielka Brytania');
INSERT INTO countries(country_id, name) VALUES(186, 'Wietnam');
INSERT INTO countries(country_id, name) VALUES(187, 'Włochy');
INSERT INTO countries(country_id, name) VALUES(188, 'Wybrzeże Kości Słoniowej');
INSERT INTO countries(country_id, name) VALUES(189, 'Wyspy Marshalla');
INSERT INTO countries(country_id, name) VALUES(190, 'Wyspy Salomona');
INSERT INTO countries(country_id, name) VALUES(191, 'Wyspy Świętego Tomasza i Książęca');
INSERT INTO countries(country_id, name) VALUES(192, 'Zambia');
INSERT INTO countries(country_id, name) VALUES(193, 'Zimbabwe');
INSERT INTO countries(country_id, name) VALUES(194, 'Zjednoczone Emiraty Arabskie');
